{"model":{"version":2,"nodes":[{"name":"RootNode","position":[0,0,0],"rotation":[0,0,0],"scale":[1,1,1]},{"name":"Traffic_Cone","position":[0,-9.28483e-07,0],"rotation":[-90,-0,0],"scale":[1,1,1]}],"parents":[-1,0],"skins":[],"vertices":[{"position":{"type":"float32","components":3,"data":[0.085826,0.049552,-0.069858,0.099103,0,-0.069858,0.140486,0,-0.229375,0.121664,0.070243,-0.229375,0.049552,0.085826,-0.069858,0.070243,0.121664,-0.229375,0,0.099103,-0.069858,0,0.140486,-0.229375,-0.049552,0.085826,-0.069858,-0.070243,0.121664,-0.229375,-0.085826,0.049552,-0.069858,-0.121664,0.070243,-0.229375,-0.099103,0,-0.069858,-0.140486,0,-0.229375,-0.085826,-0.049551,-0.069858,-0.121664,-0.070243,-0.229375,-0.049552,-0.085826,-0.069858,-0.070243,-0.121664,-0.229375,0,-0.099103,-0.069858,0,-0.140486,-0.229375,0.049551,-0.085826,-0.069858,0.070243,-0.121664,-0.229375,0.085826,-0.049552,-0.069858,0.049551,-0.085826,-0.069858,0.070243,-0.121664,-0.229375,0.121664,-0.070243,-0.229375,0.052746,0.030453,0.089658,0.060906,0,0.089658,0.030453,0.052746,0.089658,0,0.060906,0.089658,-0.030453,0.052746,0.089658,-0.052746,0.030453,0.089658,-0.060906,0,0.089658,-0.052746,-0.030453,0.089658,-0.030453,-0.052746,0.089658,0,-0.060906,0.089658,0.030453,-0.052746,0.089658,0.052746,-0.030453,0.089658,0.030453,-0.052746,0.089658,0.020603,0.011895,0.249175,0.02379,0,0.249175,0.011895,0.020603,0.249175,0,0.02379,0.249175,-0.011895,0.020603,0.249175,-0.020603,0.011895,0.249175,-0.02379,0,0.249175,-0.020603,-0.011895,0.249175,-0.011895,-0.020603,0.249175,0,-0.02379,0.249175,0.011895,-0.020603,0.249175,0.020603,-0.011895,0.249175,0.011895,-0.020603,0.249175,0.020603,0.011895,0.249175,0.011895,0.020603,0.249175,0,0.02379,0.249175,0.020603,-0.011895,0.249175,-0.011895,0.020603,0.249175,-0.020603,0.011895,0.249175,-0.020603,-0.011895,0.249175,-0.02379,0,0.249175,-0.011895,-0.020603,0.249175,0,-0.02379,0.249175,0.011895,-0.020603,0.249175,0.02379,0,0.249175,0.23563,0,-0.229375,0.204061,0.117815,-0.229375,0.121664,0.070243,-0.229375,0.140486,0,-0.229375,0.117815,0.204061,-0.229375,0.070243,0.121664,-0.229375,0,0.23563,-0.229375,0,0.140486,-0.229375,-0.117815,0.204061,-0.229375,-0.070243,0.121664,-0.229375,-0.204061,0.117815,-0.229375,-0.121664,0.070243,-0.229375,-0.23563,0,-0.229375,-0.140486,0,-0.229375,-0.204061,-0.117815,-0.229375,-0.121664,-0.070243,-0.229375,-0.117815,-0.204061,-0.229375,-0.070243,-0.121664,-0.229375,0,-0.23563,-0.229375,0,-0.140486,-0.229375,0.117815,-0.204061,-0.229375,0.070243,-0.121664,-0.229375,0.204061,-0.117815,-0.229375,0.121664,-0.070243,-0.229375,0.23563,0,-0.249175,0.204061,0.117815,-0.249175,0.204061,0.117815,-0.229375,0.23563,0,-0.229375,0.117815,0.204061,-0.249175,0.117815,0.204061,-0.229375,0,0.23563,-0.249175,0,0.23563,-0.229375,-0.117815,0.204061,-0.249175,-0.117815,0.204061,-0.229375,-0.204061,0.117815,-0.249175,-0.204061,0.117815,-0.229375,-0.23563,0,-0.249175,-0.23563,0,-0.229375,-0.204061,-0.117815,-0.249175,-0.204061,-0.117815,-0.229375,-0.117815,-0.204061,-0.249175,-0.117815,-0.204061,-0.229375,0,-0.23563,-0.249175,0,-0.23563,-0.229375,0.117815,-0.204061,-0.249175,0.117815,-0.204061,-0.229375,0.204061,-0.117815,-0.249175,0.204061,-0.117815,-0.229375,0.23563,0,-0.249175,0.23563,0,-0.229375]},"normal":{"type":"float32","components":3,"data":[0.8402,0.4851,0.2424,0.9702,0,0.2424,0.5401,0,0.8416,0.4677,0.27,0.8416,0.4851,0.8402,0.2424,0.27,0.4677,0.8416,0,0.9702,0.2424,0,0.5401,0.8416,-0.4851,0.8402,0.2424,-0.27,0.4677,0.8416,-0.8402,0.4851,0.2424,-0.4677,0.27,0.8416,-0.9702,0,0.2424,-0.5401,0,0.8416,-0.8402,-0.4851,0.2424,-0.4677,-0.27,0.8416,-0.4851,-0.8402,0.2424,-0.27,-0.4677,0.8416,0,-0.9702,0.2424,0,-0.5401,0.8416,0.4851,-0.8402,0.2424,0.27,-0.4677,0.8416,0.8402,-0.4851,0.2424,0.4851,-0.8402,0.2424,0.27,-0.4677,0.8416,0.4677,-0.27,0.8416,0.8428,0.4866,0.2299,0.9732,0,0.2299,0.4866,0.8428,0.2299,0,0.9732,0.2299,-0.4866,0.8428,0.2299,-0.8428,0.4866,0.2299,-0.9732,0,0.2299,-0.8428,-0.4866,0.2299,-0.4866,-0.8428,0.2299,0,-0.9732,0.2299,0.4866,-0.8428,0.2299,0.8428,-0.4866,0.2299,0.4866,-0.8428,0.2299,0.5869,0.3388,0.7353,0.6777,0,0.7353,0.3388,0.5869,0.7353,0,0.6777,0.7353,-0.3388,0.5869,0.7353,-0.5869,0.3388,0.7353,-0.6777,0,0.7353,-0.5869,-0.3388,0.7353,-0.3388,-0.5869,0.7353,0,-0.6777,0.7353,0.3388,-0.5869,0.7353,0.5869,-0.3388,0.7353,0.3388,-0.5869,0.7353,0.5869,0.3388,0.7353,0.3388,0.5869,0.7353,0,0.6777,0.7353,0.5869,-0.3388,0.7353,-0.3388,0.5869,0.7353,-0.5869,0.3388,0.7353,-0.5869,-0.3388,0.7353,-0.6777,0,0.7353,-0.3388,-0.5869,0.7353,0,-0.6777,0.7353,0.3388,-0.5869,0.7353,0.6777,0,0.7353,0.7572,0,0.6532,0.6557,0.3786,0.6532,0.4677,0.27,0.8416,0.5401,0,0.8416,0.3786,0.6557,0.6532,0.27,0.4677,0.8416,0,0.7572,0.6532,0,0.5401,0.8416,-0.3786,0.6557,0.6532,-0.27,0.4677,0.8416,-0.6557,0.3786,0.6532,-0.4677,0.27,0.8416,-0.7572,0,0.6532,-0.5401,0,0.8416,-0.6557,-0.3786,0.6532,-0.4677,-0.27,0.8416,-0.3786,-0.6557,0.6532,-0.27,-0.4677,0.8416,0,-0.7572,0.6532,0,-0.5401,0.8416,0.3786,-0.6557,0.6532,0.27,-0.4677,0.8416,0.6557,-0.3786,0.6532,0.4677,-0.27,0.8416,1,0,0,0.866,0.5,0,0.6557,0.3786,0.6532,0.7572,0,0.6532,0.5,0.866,0,0.3786,0.6557,0.6532,0,1,0,0,0.7572,0.6532,-0.5,0.866,0,-0.3786,0.6557,0.6532,-0.866,0.5,0,-0.6557,0.3786,0.6532,-1,0,0,-0.7572,0,0.6532,-0.866,-0.5,0,-0.6557,-0.3786,0.6532,-0.5,-0.866,0,-0.3786,-0.6557,0.6532,0,-1,0,0,-0.7572,0.6532,0.5,-0.866,0,0.3786,-0.6557,0.6532,0.866,-0.5,0,0.6557,-0.3786,0.6532,1,0,0,0.7572,0,0.6532]},"texCoord0":{"type":"float32","components":2,"data":[0.3674,0.2602,0.3674,0.1797,0.5421,0.1797,0.5421,0.2602,0.3674,0.3408,0.5421,0.3408,0.3674,0.4213,0.5421,0.4213,0.3674,0.5019,0.5421,0.5019,0.3674,0.5825,0.5421,0.5825,0.3674,0.663,0.5421,0.663,0.3674,0.7436,0.5421,0.7436,0.3674,0.8242,0.5421,0.8242,0.3674,0.9047,0.5421,0.9047,0.3674,0.9853,0.5421,0.9853,0.3674,0.0991,0.3674,0.0185,0.5421,0.0185,0.5421,0.0991,0.1927,0.2602,0.1927,0.1797,0.1927,0.3408,0.1927,0.4213,0.1927,0.5019,0.1927,0.5825,0.1927,0.663,0.1927,0.7436,0.1927,0.8242,0.1927,0.9047,0.1927,0.9853,0.1927,0.0991,0.1927,0.0185,0.018,0.2602,0.018,0.1797,0.018,0.3408,0.018,0.4213,0.018,0.5019,0.018,0.5825,0.018,0.663,0.018,0.7436,0.018,0.8242,0.018,0.9047,0.018,0.9853,0.018,0.0991,0.018,0.0185,0.5695,0.3659,0.5695,0.2665,0.6192,0.1804,0.7053,0.5017,0.7053,0.1307,0.8047,0.1307,0.9404,0.2665,0.8907,0.1804,0.9404,0.3659,0.8907,0.452,0.8047,0.5017,0.6192,0.452,0.9465,0.7468,0.9209,0.8423,0.8541,0.8037,0.8694,0.7468,0.851,0.9122,0.8124,0.8454,0.7555,0.9378,0.7555,0.8607,0.6599,0.9122,0.6985,0.8454,0.59,0.8423,0.6568,0.8037,0.5644,0.7468,0.6416,0.7468,0.59,0.6513,0.6568,0.6898,0.6599,0.5813,0.6985,0.6481,0.7555,0.5557,0.7555,0.6329,0.851,0.5813,0.8124,0.6481,0.9209,0.6513,0.8541,0.6898,0.9648,0.9763,0.9648,0.8968,0.9776,0.8968,0.9776,0.9763,0.9648,0.8173,0.9776,0.8173,0.9648,0.7379,0.9776,0.7379,0.9648,0.6584,0.9776,0.6584,0.9648,0.579,0.9776,0.579,0.9648,0.4995,0.9776,0.4995,0.9648,0.4201,0.9776,0.4201,0.9648,0.3406,0.9776,0.3406,0.9648,0.2612,0.9776,0.2612,0.9648,0.1817,0.9776,0.1817,0.9648,0.1022,0.9776,0.1022,0.9648,0.0228,0.9776,0.0228]}}],"meshes":[{"aabb":{"min":[-0.23563,-0.23563,-0.249175],"max":[0.23563,0.23563,0.249175]},"vertices":0,