{"model":{"version":2,"nodes":[{"name":"RootNode","position":[0,0,0],"rotation":[0,0,0],"scale":[1,1,1]},{"name":"MY_PALM_root","position":[0,0,0],"rotation":[0,0,0],"scale":[0.01,0.01,0.01]},{"name":"palm1","position":[0,0,0],"rotation":[0,0,0],"scale":[1,1,1]}],"parents":[-1,0,1],"skins":[],"vertices":[{"position":{"type":"float32","components":3,"data":[-92.0369,957.162,-8.77094,-87.1185,958.807,-17.8788,-191.623,922.662,-25.9304,-81.1082,983.852,-6.83785,-82.9111,982.377,-15.4694,-87.3556,982.452,-0.589627,-95.4058,979.576,-2.97298,-97.2087,978.1,-11.6045,-90.9613,979.501,-17.8528,-85.2242,953.284,-17.8533,-87.1185,958.807,-17.8788,-75.3893,956.657,-17.8751,-77.2836,962.18,-17.9006,-89.0127,964.329,-17.9043,-79.1778,967.702,-17.9261,-89.0127,964.329,-17.9043,-89.7283,972.346,-18.3413,-79.1778,967.702,-17.9261,-80.1662,975.546,-16.2678,-89.7283,972.346,-18.3413,-90.9613,979.501,-17.8528,-80.1662,975.546,-16.2678,-82.9111,982.377,-15.4694,-90.1427,951.639,-8.74543,-92.0369,957.162,-8.77094,-85.2242,953.284,-17.8533,-87.1185,958.807,-17.8788,-93.9312,962.684,-8.79644,-89.0127,964.329,-17.9043,-96.4931,970.962,-10.5951,-89.7283,972.346,-18.3413,-97.2087,978.1,-11.6045,-90.9613,979.501,-17.8528,-85.2264,953.367,0.340609,-87.1207,958.89,0.315109,-89.0149,964.413,0.289608,-93.6958,972.778,-0.775385,-95.4058,979.576,-2.97298,-75.3916,956.74,0.318811,-77.2858,962.263,0.29331,-79.1801,967.786,0.26781,-84.1338,975.977,1.29815,-87.3556,982.452,-0.589627,-70.473,958.385,-8.78903,-72.3673,963.908,-8.81453,-74.2615,969.431,-8.84004,-77.369,977.361,-6.44806,-81.1082,983.852,-6.83785,-14.7908,0,-41.5241,2.2091,156.355,-25.7585,32.8943,0,-41.5241,32.194,155.007,-25.7607,36.7684,294.082,-21.4777,11.1615,294.838,-21.4771,33.7177,446.238,-19.6827,11.3669,443.988,-19.6811,14.8987,609.08,-20.1037,-4.04682,605.561,-20.0917,-75.3893,956.657,-17.8751,-20.7341,779.777,-21.0005,-85.2242,953.284,-17.8533,-36.5085,776.814,-20.9771,-38.6333,0,-0.227655,-12.7853,156.992,0.269296,-14.7908,0,-41.5241,2.2091,156.355,-25.7585,11.1615,294.838,-21.4771,-1.64366,295.183,0.721119,11.3669,443.988,-19.6811,0.187147,442.918,-0.226014,-4.04682,605.561,-20.0917,-13.544,603.944,-3.37626,-44.4141,775.463,-6.99949,-36.5085,776.814,-20.9771,-85.2242,953.284,-17.8533,-90.1427,951.639,-8.74543,-14.7908,0,41.0688,2.20523,156.279,26.2949,11.1581,294.772,22.9187,11.3582,444.097,19.2274,-4.09578,605.846,13.3272,-36.5454,777.074,6.95465,-85.2264,953.367,0.340609,32.8943,0,41.0688,32.1902,154.93,26.2926,36.765,294.016,22.9181,33.709,446.346,19.2258,14.8497,609.365,13.3152,-20.771,780.037,6.93119,-75.3916,956.74,0.318811,56.7368,0,-0.227649,47.1846,154.294,0.264839,49.5702,293.671,0.71994,44.8888,447.417,-0.229286,24.347,610.982,-3.40024,-12.8653,781.388,-7.0464,-70.473,958.385,-8.78903,-20.7341,779.777,-21.0005,14.8987,609.08,-20.1037,-36.5085,776.814,-20.9771,-4.04682,605.561,-20.0917,-66.1568,963.868,-49.9844,-94.415,953.391,-50.5051,-75.3893,956.657,-17.8751,-85.2242,953.284,-17.8533,-43.4072,970.849,-115.73,-110.392,952.263,-100.364,-90.1722,922.259,-174.945,-38.5922,949.887,-179.275,-46.94,877.776,-219.836,-120.447,944.654,-11.9847,-107.839,949.778,20.705,-90.1427,951.639,-8.74543,-85.2264,953.367,0.340609,-166.178,914.909,1.02621,-144.723,931.259,62.296,-180.664,881.973,80.7401,-200.347,872.351,21.9692,-196.693,788.417,77.1159,-70.473,958.385,-8.78903,-75.3916,956.74,0.318811,-42.5741,970.937,-2.8634,-60.4194,965.757,27.8529,34.3628,975.56,18.4846,-3.61581,967.19,86.6654,82.7199,956.555,55.5268,52.8772,948.596,103.209,109.032,899.692,91.7068,-87.1185,958.807,-17.8788,-160.995,932.905,-82.6457,-191.623,922.662,-25.9304,-201.479,891.87,-116.646,-87.1207,958.89,0.315109,-114.999,964.068,68.4568,-77.2858,962.263,0.29331,-56.4519,984.56,69.1615,-114.137,944.987,143.251,-45.1611,968.644,143.098,-54.5275,892.363,193.662,-72.3673,963.908,-8.81453,-0.917348,996.589,-31.8981,-77.2836,962.18,-17.9006,-40.0999,985.827,-82.9198,59.9238,1002.28,-82.0624,9.08651,988.312,-131.913,83.0421,961.032,-156.071,-234.941,871.448,-51.3968,-191.623,922.662,-25.9304,-201.479,891.87,-116.646,-242.427,794.18,-110.079,-79.1778,967.702,-17.9261,-82.6862,990.565,-64.0239,-89.0127,964.329,-17.9043,-120.547,977.665,-56.409,-92.6419,999.517,-127.609,-138.655,983.838,-118.354,-109.616,979.632,-185.523,-138.127,969.917,-179.789,-129.798,964.838,-215.894,-93.9312,962.684,-8.79644,-139.929,971.259,6.97066,-89.0149,964.413,0.289608,-114.793,980.075,38.1633,-213.129,954.877,37.5693,-152.97,979.928,93.7522,-222.923,918.307,117.048,-79.1801,967.786,0.26781,-53.019,1001.15,23.9409,-74.2615,969.431,-8.84004,-40.3408,1005.37,-14.8673,13.6777,1036.65,2.65633,-1.73066,1031.52,49.8219,60.6823,1039.17,59.0622,70.2295,1042.35,29.8381,99.2904,1044.66,53.3228,-90.9613,979.501,-17.8528,-82.9111,982.377,-15.4694,-99.4454,1017.9,-56.2855,-68.0621,1029.59,-41.5436,-25.4971,1063.31,-110.328,-89.9095,1041.45,-137.898,-30.8482,1031.98,-178.027,-96.4931,970.962,-10.5951,-89.7283,972.346,-18.3413,-149.193,991.09,-36.577,-116.668,997.352,-71.0493,-155.444,999.195,-131.221,-202.74,998.392,-73.3368,-238.406,981.073,-125.885,-198.389,979.969,-165.45,-250.348,944.307,-179.708,-95.4058,979.576,-2.97298,-97.2087,978.1,-11.6045,-139.156,1014.78,9.85813,-141.185,1009.36,-24.9987,-203.194,1032.77,25.5508,-206.988,1022.64,-39.6359,-282.968,1008.7,11.2056,-93.6958,972.778,-0.775385,-133.504,996.376,37.522,-84.1338,975.977,1.29815,-86.2159,1012.5,50.8877,-96.8625,1028.38,139.239,-172.037,1002.74,117.992,-151.999,980.517,209.238,-87.3556,982.452,-0.589627,-102.338,1034.54,27.6547,-81.1082,983.852,-6.83785,-70.7655,1041.06,4.32872,-33.6546,1090.01,35.0577,-96.7858,1077.84,79.4975,-24.9556,1086.89,134.589,-80.1662,975.546,-16.2678,-77.369,977.361,-6.44806,-48.7899,1021.3,-50.3831,-44.2051,1024.88,-2.96555,19.1434,1062.73,2.30579,-5.61434,1053.33,-72.4996,59.9949,1053.19,-87.1276,71.8031,1059.33,-19.6099,120.965,1030.64,-58.3158]},"normal":{"type":"float32","components":3,